﻿Display name,Country or region code,Phone number,Email,Discoverable,Department,Job title,Manager,Company,Office location,Street address,City,State or province,Zip or postal code,Country or region
Henry Ross,1,123-555-6641,hross@hotmail.com,Yes,Regional Sales,Sales Associate,Ana Bowman,Contoso,3F1234,1 Microsoft way,Redmond,Wa,98052,United States
Cora Thomas,1,123-555-6642,corat@hotmail.com,Yes,Regional Sales,Sales Associate,Ana Bowman,Contoso,3F1235,1 Microsoft way,Redmond,Wa,98052,United States
Victoria Burke,1,123-555-6643,vburke@outlook.com,No,Operations,Distributor,Graham Barnes,Fabrikam Partners,,Aventura Mall,JacksonVille,Fl,33101,United States
Michael Peltier,1,123-555-6644,mpeltier@outlook.com,Yes,Operations,Distributor,Graham Barnes,Fabrikam Partners,,Dadeland Mall,Miami,Fl,32241,United States
