<?xml version="1.0" encoding="utf-8"?>
<unattend xmlns="urn:schemas-microsoft-com:unattend">
    <servicing>
        <package action="configure">
            <assemblyIdentity name="Microsoft-Windows-Foundation-Package" version="10.0.15063.0" processorArchitecture="amd64" publicKeyToken="31bf3856ad364e35" language="" />
            <selection name="Client-DeviceLockdown" state="true" />
            <selection name="Client-EmbeddedLogon" state="true" />
            <selection name="Client-EmbeddedBootExp" state="true" />
            <selection name="Client-EmbeddedShellLauncher" state="true" />
            <selection name="Client-KeyboardFilter" state="true" />
            <selection name="Internet-Explorer-Optional-amd64" state="false" />
            <selection name="MediaPlayback" state="false" />
            <selection name="WindowsMediaPlayer" state="false" />
            <selection name="Xps-Foundation-Xps-Viewer" state="false" />
            <selection name="WorkFolders-Client" state="false" />
            <selection name="SMB1Protocol" state="false" />
            <selection name="SearchEngine-Client-Package" state="false" />
            <selection name="Printing-Foundation-Features" state="false" />
            <selection name="FaxServicesClientPackage" state="false" />
            <selection name="Printing-Foundation-InternetPrinting-Client" state="false" />
            <selection name="Printing-XPSServices-Features" state="false" />
            <selection name="Printing-PrintToPDFServices-Features" state="false" />
            <selection name="Microsoft-Hyper-V-Hypervisor" state="true" />
            <selection name="Microsoft-Hyper-V-All" state="true" />
            <selection name="Microsoft-Hyper-V" state="true" />
        </package>
    </servicing>
    <settings pass="auditSystem">
        <component name="Microsoft-Windows-Shell-Setup" processorArchitecture="amd64" publicKeyToken="31bf3856ad364e35" language="neutral" versionScope="nonSxS" xmlns:wcm="http://schemas.microsoft.com/WMIConfig/2002/State" xmlns:xsi="http://www.w3.org/2001/XMLSchema-instance">
            <AutoLogon>
                <Enabled>true</Enabled>
                <Username>Admin</Username>
                <Password>
                    <Value>cwBmAGIAUABhAHMAcwB3AG8AcgBkAA==</Value>
                    <PlainText>false</PlainText>
                </Password>
            </AutoLogon>
            <UserAccounts>
                <LocalAccounts>
                    <LocalAccount wcm:action="add">
                        <Password>
                            <Value>cwBmAGIAUABhAHMAcwB3AG8AcgBkAA==</Value>
                            <PlainText>false</PlainText>
                        </Password>
                        <Name>Admin</Name>
                        <Group>Administrators</Group>
                        <DisplayName>Administrator</DisplayName>
                        <Description>Administrator</Description>
                    </LocalAccount>
                </LocalAccounts>
            </UserAccounts>
        </component>
    </settings>
    <settings pass="oobeSystem">
        <component name="Microsoft-Windows-Shell-Setup" processorArchitecture="amd64" publicKeyToken="31bf3856ad364e35" language="neutral" versionScope="nonSxS" xmlns:wcm="http://schemas.microsoft.com/WMIConfig/2002/State" xmlns:xsi="http://www.w3.org/2001/XMLSchema-instance">
            <OOBE>
                <HideEULAPage>true</HideEULAPage>
                <HideLocalAccountScreen>true</HideLocalAccountScreen>
                <HideOEMRegistrationScreen>true</HideOEMRegistrationScreen>
                <HideOnlineAccountScreens>true</HideOnlineAccountScreens>
                <HideWirelessSetupInOOBE>true</HideWirelessSetupInOOBE>
                <SkipMachineOOBE>true</SkipMachineOOBE>
                <SkipUserOOBE>true</SkipUserOOBE>
                <ProtectYourPC>1</ProtectYourPC>
            </OOBE>
            <AutoLogon>
                <Enabled>true</Enabled>
                <Username>Skype</Username>
                <Password>
                    <Value>UABhAHMAcwB3AG8AcgBkAA==</Value>
                    <PlainText>false</PlainText>
                </Password>
            </AutoLogon>
        </component>
    </settings>
    <cpi:offlineImage xmlns:cpi="urn:schemas-microsoft-com:cpi" cpi:source="wim:h:/install.wim#Windows 10 Enterprise"/>
</unattend>
